,t,pos_t_err,neg_t_err,flux,pos_flux_err,neg_flux_err
0,891.199,493.486,-196.02,1.06117476270907e-12,2.83596658593394e-13,-2.83596658593394e-13
1,12049.314,6685.931,-5299.927,6.0340033355533e-13,1.55155137370087e-13,-1.55155137370087e-13
2,34498.068,13157.363,-10911.646,4.09103292699745e-13,8.98191054206184e-14,-8.98191054206184e-14
3,68203.807,25722.911,-17399.18,1.73580080854389e-13,4.57509174525456e-14,-4.57509174525456e-14
4,195834.958,106201.989,-97582.67,8.00100402604544e-14,2.08220239480457e-14,-2.08220239480457e-14
5,335502.656,46988.138,-28925.204,9.88990519859971e-14,2.59822222007029e-14,-2.59822222007029e-14
6,524587.2,95090.084,-136590.759,5.16352235660096e-14,1.3008773245959e-14,-1.3008773245959e-14
7,1186911.484,201547.326,-123709.771,1.96095766016619e-14,7.54622980732049e-15,-6.26701821636312e-15
