,t,pos_t_err,neg_t_err,flux,pos_flux_err,neg_flux_err
0,305.073,74.182,-81.272,8.78731792745481e-12,1.97838682607551e-12,-1.97838682607551e-12
1,480.849,98.991,-101.595,6.8667086107298e-12,1.54774929522569e-12,-1.54774929522569e-12
2,653.022,112.355,-73.181,7.96248185807909e-12,1.74999873942139e-12,-1.74999873942139e-12
3,5036.527,139.995,-138.315,4.12003101993908e-12,9.29574742065554e-13,-9.29574742065554e-13
4,46673.392,907.057,-848.053,7.63017137590678e-13,1.63991276809141e-13,-1.63991276809141e-13
5,56364.644,35317.902,-5575.254,5.79422972608502e-13,1.41670200793838e-13,-1.41670200793838e-13
6,157861.516,65998.956,-25432.583,1.34543645687436e-13,3.58025426241659e-14,-3.58025426241659e-14
7,326201.133,155480.93,-39938.741,6.92857865983999e-14,2.05171754381417e-14,-2.05171754381417e-14
8,579259.259,103782.049,-63414.898,4.10659194507997e-14,2.16730810539502e-14,-1.67837715990694e-14
