,t,pos_t_err,neg_t_err,flux,pos_flux_err,neg_flux_err
0,804.461,413.835,-167.857,2.28950364614649e-12,4.69282181260118e-13,-4.69282181260118e-13
1,4964.975,265.026,-476.584,1.65850039700146e-12,4.34650145020592e-13,-4.34650145020592e-13
2,5569.963,281.85,-339.962,1.32852461030218e-12,3.49787253622525e-13,-3.49787253622525e-13
3,6479.232,510.893,-627.419,1.11748509311532e-12,2.37594260948036e-13,-2.37594260948036e-13
4,10943.56,481.84,-709.13,6.78887244740721e-13,1.81128912880622e-13,-1.81128912880622e-13
5,12152.847,599.351,-727.446,7.37048866589383e-13,1.81625996655104e-13,-1.81625996655104e-13
6,40629.467,913.468,-956.295,5.4822415380528e-13,1.3256576770631e-13,-1.3256576770631e-13
7,47338.843,4337.7,-1790.14,3.96482061929862e-13,1.09804798683562e-13,-1.09804798683562e-13
